Key,zh-CN,en-US,ja-JP,pt-BR,id-ID,,,,
1001,轻敲一个瓶子，将液体倒入另一个瓶子。,Tap a bottle to pour into another bottle,,Bata levemente em uma garrafa para despejar o conteúdo em outra garrafa.,Ketuk botol untuk menuangkan isinya ke botol lain.,,,,
1002,将瓶子装满相同颜色的液体，以完成订单,Fill bottles with the same color to complete orders,,Encha as garrafas com a mesma cor para completar os pedidos.,Isi botol dengan warna yang sama untuk menyelesaikan pesanan.,,,,
1003,只能倒入颜色匹配的瓶盖或空瓶中。,Only pour into a matching top-color or empty bottle,,Despeje apenas em uma garrafa da mesma cor ou em uma garrafa vazia.,Tuangkan hanya ke dalam botol dengan tutup berwarna senada atau botol kosong.,,,,
1004,级别 {0},Level {0},,Nível {0},Level {0},,,,
1005,玩家,Player,,Jogador,Pemain,,,,
1006,现金,Cash,,Dinheiro,Uang tunai,,,,
1007,宝石,Gem,,Jóia,Permata,,,,
1008,添加瓶,AddBottle,,Adicionar garrafa,Tambahkan Botol,,,,
1009,清除,Clear,,Claro,Jernih,,,,
1010,撤销,Undo,,Desfazer,Membuka,,,,
1011,提取,Withdraw,,Retirar,Menarik,,,,
1012,添加一个空瓶,Add an Enpty Bottle,,Adicione uma garrafa vazia,Tambahkan Botol Kosong,,,,
1013,瓶装+,Bottle+,,Garrafa+,Botol+,,,,
1014,清除所有同色果汁,Clear all juice of the same color,,Elimine todo o líquido da mesma cor.,Singkirkan semua jus yang memiliki warna yang sama.,,,,
1015,清除,clear,,claro,jernih,,,,
1016,返回上一步,Go back to the previous step,,Volte ao passo anterior.,Kembali ke langkah sebelumnya,,,,
1017,撤销,undo,,desfazer,membuka,,,,
1018,得到,Get,,Pegar,Mendapatkan,,,,
1019,挑战成功,Challange Success,,Desafio Sucesso,Tantangan Sukses,,,,
1020,全部领取,Claim All,,Reivindicar tudo,Klaim Semua,,,,
1021,仅有的,Only ,,Apenas,Hanya,,,,
1022,全新游戏玩法,New GamePlay,,Nova jogabilidade,Gameplay Baru,,,,
1023,将任意一种颜色的液体倒入一个瓶子中，即可制成一瓶奶茶。,Fill 1 bottle with any single color to turn the milk tea into a bottle,,Encha uma garrafa com qualquer cor para transformar o chá com leite em uma garrafa.,Isi 1 botol dengan satu warna saja untuk mengubah teh susu menjadi minuman dalam botol.,,,,
1024,将所需数量的瓶子装满任意一种颜色的奶茶，即可制成一瓶奶茶。,Fill the required number of bottles with any single color to turn the milk tea into a bottle.,,Encha o número necessário de garrafas com uma única cor para transformar o chá com leite em uma garrafa.,Isi botol-botol yang dibutuhkan dengan satu warna saja untuk mengubah teh susu menjadi minuman dalam botol.,,,,
1025,将所需数量的瓶子装满相应颜色的奶茶，即可制成一瓶奶茶。,Fill the required number of bottles with the matching colors to turn the milk tea into a bottle.,,Encha o número necessário de garrafas com as cores correspondentes para transformar o chá com leite em uma garrafa.,Isi botol-botol dengan warna yang sesuai sesuai jumlah botol yang dibutuhkan untuk mengubah teh susu menjadi minuman dalam botol.,,,,
1026,倒掉最上面一层，就能看到里面的未知颜色。,Pour out the top layer to reveal the unknown color.,,Despeje a camada superior para revelar a cor desconhecida.,Tuangkan lapisan atas untuk mengungkap warna yang tidak diketahui.,,,,
1027,继续,Continue,,Continuar,Melanjutkan,,,,
1028,幸运奖励,Lucky Rward,,Recompensa da Sorte,Hadiah Keberuntungan,,,,
1029,清除级别{0}<color=#E7534B> 全部提取</color>,Clear Level{0}<color=#E7534B> Withdraw all</color>,,Limpar Nível{0}<color=#E7534B> Retirar tudo</color>,Hapus Level{0}<color=#E7534B> Tarik semua</color>,,,,
1030,<color=#EB2F2F>{0}</color> 通过了这一关（{1} 次尝试），<color=#EB2F2F>{2}</color>,"<color=#EB2F2F>{0}</color> passed this level ({1} attempt), withdrew <color=#EB2F2F>{2}</color>",,"<color=#EB2F2F>{0}</color> passou neste nível ({1} tentativa), desistiu <color=#EB2F2F>{2}</color>","<color=#EB2F2F>{0}</color> berhasil melewati level ini ({1} percobaan), mengundurkan diri <color=#EB2F2F>{2}</color>",,,,
1031,恭喜<color=#EB2F2F>{0}成功提现{1}</color>,Congrats <color=#EB2F2F>{0} successfully withdrew {1}</color>,,Parabéns <color=#EB2F2F>{0} realizou o saque com sucesso {1}</color>,Selamat <color=#EB2F2F>{0} berhasil menarik dana {1}</color>,,,,
1032,广告正在加载，请稍候,"Ad is loading, please wait",,"O anúncio está carregando, aguarde.","Iklan sedang dimuat, mohon tunggu.",,,,
1033,级别 {0} ({1}/{2}),Level {0} ({1}/{2}),,Nível {0} ({1}/{2}),Level {0} ({1}/{2}),,,,
1034,没有可撤销的操作步骤,No operation steps to undo,,Não há etapas a serem desfeitas.,Tidak ada langkah operasi yang perlu dibatalkan.,,,,
2001,信息,Information,,Informação,Informasi,,,,
2002,提款方式,Withdrawal method,,Método de retirada,Metode penarikan,,,,
2003,请输入您的姓名,Enter your name,,Digite seu nome,Masukkan nama Anda,,,,
2004,请输入电话号码,Enter phone number,,Digite o número de telefone,Masukkan nomor telepon,,,,
2005,请输入您的电子邮件地址,Enter your email,,Insira seu e-mail,Masukkan email Anda,,,,
2006,确认,CONFIRM,,CONFIRMAR,MENGONFIRMASI,,,,
2007,如果以上提款渠道均不可用，请留下您的联系方式，以便我们与您联系并处理提款事宜。,"If none of our supported withdrawal channels areavailable, please enter yourcontact information so we canreach you and process thewithdrawal",,"Caso nenhum dos nossos canais de saque esteja disponível, por favor, insira suas informações de contato para que possamos entrar em contato e processar o saque.","Jika tidak ada saluran penarikan yang kami dukung yang tersedia, harap masukkan informasi kontak Anda agar kami dapat menghubungi Anda dan memproses penarikan tersebut.",,,,
2008,电话/电子邮件,Phone/Email,,Telefone/E-mail,Telepon/Email,,,,
2009,立即提现,Withdraw Now,,Retirar agora,Batalkan Sekarang,,,,
2010,重新进入,Re-Enter,,Reentrar,Masuk kembali,,,,
2011,提款,Withdrawal,,Cancelamento,Penarikan,,,,
2012,完成 2 次自动提款验证后，高价值提款专员将直接为您提取 200-1000 美元。,"After completing 2 automatic withdrawalverifications, a high-value withdrawal officer willdirectly withdraw $200-$1,000 for you.",,"Após concluir 2 verificações automáticas de saque, um agente de saque de alto valor irá sacar diretamente de USR$ 200 a USR$ 1.000 para você.","Setelah menyelesaikan 2 verifikasi penarikan otomatis, petugas penarikan bernilai tinggi akan langsung menarik dana sebesar RP200-RP1.000 untuk Anda.",,,,
2013,提款完成,Withdrawal completed,,Retirada concluída,Penarikan dana selesai,,,,
2014,即将退出,About to withdraw,,Prestes a desistir,Akan segera mundur,,,,
2015,完成第二关即可全部提取,Clear Level 2 to withdraw all,,Conclua o Nível 2 para retirar todos os fundos.,Selesaikan Level 2 untuk menarik semua dana.,,,,
2016,200-1000美元,"$200-$1,000",,R$ 200 - R$ 1.000,RP200-RP1.000,,,,
2017,通关第8关后即可提现,Withdraw after clearing Level 8,,Retire-se após concluir o Nível 8.,Mundur setelah menyelesaikan Level 8,,,,
2018,0.4美元,`$0.4,,"`R$0,4","RP0,4",,,,
2019,0.6美元,`$0.6,,"`R$0,6","RP0,6",,,,
2020,继续,Continue,,Continuar,Melanjutkan,,,,
2021,钻石,Diamond,,Diamante,Berlian,,,,
2022,1 = 1 美元,1 = $1,,1 = R$1,1 = RP1,,,,
2023,提款选项,Withdrawal Options,,Opções de saque,Opsi Penarikan,,,,
2024,500美元,`$500,,US$500 ,$500 ,,,,
2025,"1,000 美元","`$1,000",,US$1.00 ,$1.00 ,,,,
2026,1500美元,"`$1,500",,US$1.50 ,$1.50 ,,,,
2027,"2,000 美元","`$2,000",,US$2.00 ,$2.00 ,,,,
2028,${0} 提款条件：,${0} Withdrawal Conditions:,,Condições de saque:,RP{0} Ketentuan Penarikan:,,,,
2029,{0}/{1},{0}/{1},,{0}/{1},{0}/{1},,,,
2030,账户余额已达到 ${0} 可提现，还差 ${1},"Balance reaches ${0} to withdraw, short of ${1}",,"O saldo chega a R${0} para saque, faltando R${1}","Saldo mencapai RP{0} untuk penarikan, kurang RP{1}",,,,
2031,轻敲一个瓶子，将液体倒入另一个瓶子。,Tap a bottle to pour into another bottle,,Bata levemente em uma garrafa para despejar o conteúdo em outra garrafa.,Ketuk botol untuk menuangkan isinya ke botol lain.,,,,
2032,将瓶子装满相同颜色的液体，以完成订单,Fill bottles with the same color to complete orders,,Encha as garrafas com a mesma cor para completar os pedidos.,Isi botol dengan warna yang sama untuk menyelesaikan pesanan.,,,,
2033,只能倒入颜色匹配的瓶盖或空瓶中。,Only pour into a matching top-color or empty bottle,,Despeje apenas em uma garrafa da mesma cor ou em uma garrafa vazia.,Tuangkan hanya ke dalam botol dengan tutup berwarna senada atau botol kosong.,,,,
2034,清除一级限制，全部提取,Clear Level 1 withdraw all,,"Concluir o Nível 1, retirar tudo","Selesaikan Level 1, tarik semua dana.",,,,
2035,清除二级提取所有,Clear Level 2 withdraw all,,"Concluir o Nível 2, retirar tudo","Selesaikan Level 2, tarik semua dana.",,,,
2036,通关第8关，全部提取,Clear Level 8 withdraw all,,Concluir o nível 8 e retirar tudo.,"Selesaikan Level 8, tarik semua dana.",,,,
2037,恭喜你通过第 {0} 关！,Congratulations on clearing Level {0},,Parabéns por concluir o Nível {0},Selamat atas keberhasilanmu menyelesaikan Level {0},,,,
2038,——经官方核实，真实现金提款——,"--officially verified, real cash withdrawals--",,"--Saques em dinheiro real, oficialmente verificados--",--Penarikan tunai nyata yang diverifikasi secara resmi---,,,,
2039,恭喜你通过第 {0} 关！,Congratulations on clearing Level {0},,Parabéns por concluir o Nível {0},Selamat atas keberhasilanmu menyelesaikan Level {0},,,,
2040,开始提款,Initiating your withdrawal,,Iniciando seu saque,Memulai penarikan Anda,,,,
2041,现金提取,CASHWITHDRAW,,SAQUE EM DINHEIRO,PENARIKAN TUNAI,,,,
2042,奖励 1,Reward 1,,Recompensa 1,Hadiah 1,,,,
2043,最低取款金额增加,Minimum withdrawal amount increased,,O valor mínimo para saque foi aumentado.,Jumlah penarikan minimum ditingkatkan,,,,
2044,现金提取,CASH WITHDRAW,,SAQUE EM DINHEIRO,PENARIKAN TUNAI,,,,
2045,1000美元,"$1,000 ",,$1.00 ,$1.00 ,,,,
2046,奖励 2,Reward 2,,Recompensa 2,Hadiah 2,,,,
2047,用透明瓶子赚钱,Clear bottles to earn cash,,Garrafas transparentes para ganhar dinheiro,Botol transparan untuk mendapatkan uang,,,,
2048,奖励 3,Reward 3,,Recompensa 3,Hadiah 3,,,,
2049,解锁全新奖励,Unlock new rewards,,Desbloqueie novas recompensas,Buka hadiah baru,,,,
2050,观看视频赚取钻石,watch videos to earn diamonds,,Assista a vídeos para ganhar diamantes,Tonton video untuk mendapatkan berlian,,,,
2051,当前的,Current,,Atual,Saat ini,,,,
2052,验证完成,Verification completed,,Verificação concluída,Verifikasi selesai,,,,
2053,提现：${0},Withdrawal: ${0},,Saque: R${0},Penarikan: RP{0},,,,
2054,确认账户信息,Confirm Account Information,,Confirme as informações da conta,Konfirmasi Informasi Akun,,,,
2055,已转账至银行,Transferred to bank,,Transferido para o banco,Ditransfer ke bank,,,,
2056,资金已转入平台,Cash has been transferred to the platform,,O dinheiro foi transferido para a plataforma.,Uang tunai telah ditransfer ke platform.,,,,
2057,"现金余额达到 3,000 美元即可入账，仅剩 0 美元","Cash balance reaches $3,000 to be credited, only ${0} remaining",,"O saldo em caixa atingiu USR$ 3.000, restando apenas USR$ {0}.","Saldo kas mencapai RP3.000 untuk dikreditkan, hanya tersisa RP{0}",,,,
2058,提款成功,Withdrawal successful,,Retirada concluída com sucesso.,Penarikan dana berhasil,,,,
2059,提取,Withdraw,,Retirar,Menarik,,,,
2060,恭喜！您是第六位幸运用户！领取您的巨额现金奖励：${0},Congrats! You're the 6th lucky user! Claim your huge cash reward: ${0},,Parabéns! Você é o 6º usuário sortudo! Reivindique sua enorme recompensa em dinheiro: R${0},Selamat! Anda adalah pengguna beruntung ke-6! Klaim hadiah uang tunai besar Anda: RP{0},,,,
2061,立即领取,Claim Now,,Reivindique agora,Klaim Sekarang,,,,
2062,这是您的<color=#FFEB3B>#{0}</color>提款,This is your <color=#FFEB3B>#{0}</color> withdrawal,,Este é o seu saque de <color=#FFEB3B>#{0}</color>,Ini adalah penarikan Anda <color=#FFEB3B>#{0}</color>,,,,
2063,0.60美元,$0.60 ,,"R$ 0,60","RP0,60",,,,
2064,提款审核：已批准,Withdrawal review: Approved,,Revisão de retirada: Aprovada,Peninjauan penarikan: Disetujui,,,,
2065,实名认证：已验证,Real-name verification: Verified,,Verificação de nome real: Verificado,Verifikasi nama asli: Terverifikasi,,,,
2066,账户验证：已完成,Account verification: Completed,,Verificação da conta: Concluída,Verifikasi akun: Selesai,,,,
2067,您的提现申请已提交。由于申请量较大，资金将在审核通过后10天内到账。,"Your withdrawal request has been submitted. Due to high demand, funds will be credited within 10 days of approval.",,"Seu pedido de saque foi enviado. Devido à alta demanda, os fundos serão creditados em até 10 dias após a aprovação.","Permohonan penarikan Anda telah diajukan. Karena tingginya permintaan, dana akan dikreditkan dalam waktu 10 hari setelah persetujuan.",,,,
2068,持续赚钱,Keep Earning,,Continue ganhando,Teruslah Menghasilkan,,,,
2069,3000美元,"$3,000 ",,$3.00 ,$3.00 ,,,,
2070,到达时间：{0},Arrival Time: {0},,Hora de chegada: {0},Waktu Kedatangan: {0},,,,
2071,必需：官方验证,Required: Official Verification,,Obrigatório: Verificação Oficial,Diperlukan: Verifikasi Resmi,,,,
2072,检查验证进度,Check Verification Progress,,Verifique o progresso da verificação,Periksa Kemajuan Verifikasi,,,,
2073,最后一步，尽快套现。,"Final step, cash out soon",,"Último passo, resgate em breve.","Langkah terakhir, segera cairkan dana.",,,,
2074,您的提现进度领先于 99% 的用户，很快就能提现。,"Your withdrawal progress is ahead of 99% of users, cash out soon",,"Seu processo de saque está à frente de 99% dos usuários, saque em breve!","Proses penarikan Anda lebih cepat daripada 99% pengguna lain, segera lakukan penarikan dana.",,,,
2075,用户验证：已签到 {0} 天,User Verification: Checked in for {0} days,,Verificação do usuário: Fez check-in por {0} dias,Verifikasi Pengguna: Check-in selama {0} hari,,,,
2076,尽快套现,Cash out soon,,Saque em breve,Segera cairkan uangnya,,,,
2077,幸运奖励,Lucky Reward,,Recompensa da Sorte,Hadiah Keberuntungan,,,,
2078,仅需 0 美元,Only ${0},,Apenas R${0},Hanya RP{0},,,,
2079,幸运转盘,LUCKY SPIN,,GIRO DA SORTE,PUTARAN KEBERUNTUNGAN,,,,
2080,现金,Cash,,Dinheiro,Uang tunai,,,,
2081,物品,Item,,Item,Barang,,,,
2082,挑战成功,Challenge Success,,Desafio bem-sucedido,Tantangan Kesuksesan,,,,
2083,全部领取,Claim All,,Reivindicar tudo,Klaim Semua,,,,
2084,目标 {0},Goal {0},,Objetivo {0},Tujuan {0},,,,
2085,平衡,Balance,,Equilíbrio,Keseimbangan,,,,
2086,清除等级 {0} 提取所有现金,Clear Level {0} withdraw all cash,,Limpar nível {0} e sacar todo o dinheiro,Selesaikan Level {0} tarik semua uang tunai,,,,
2087,等级统计（{0}）,Level Stats ({0}),,Estatísticas de nível ({0}),Statistik Level ({0}),,,,
2088,今日竣工,Today's Completions,,Conclusões de hoje,Penyelesaian Hari Ini,,,,
2089,平均尝试次数,Average Attempts,,Tentativas médias,Rata-rata Upaya,,,,
2090,平均提款金额,Average Withdrawal Amount,,Valor médio de saque,Jumlah Penarikan Rata-Rata,,,,
2091,余额达到 ${0} 即可全部提现,Balance reaches ${0} withdraw allcash,,"O saldo chega a R${0}, saque total em dinheiro.","Saldo mencapai RP{0}, tarik semua uang tunai.",,,,
2092,已入住{0}天，提取所有现金。每天清除10个关卡，今日入住未完成。,"Checked in for {0} days, withdraw all cashClear 10 levels each day, today's check-incompleted",,"Check-in realizado por {0} dias, saque todo o dinheiro. Limpe 10 níveis por dia, check-in de hoje concluído.","Check-in selama {0} hari, tarik semua uang tunai. Selesaikan 10 level setiap hari, check-in hari ini tidak selesai.",,,,
2093,"清除 {0} 层级，提取

全部","Clear {0} more levels withdraw
all",,"Limpar {0} mais níveis retirar
tudo","Hapus {0} level lagi tarik
semua",,,,
2094,"余额达到 0 美元，全部提取

现金","Balance reaches ${0} withdraw all
cash",,"Saldo atinge R${0}, saque todo o valor
dinheiro","Saldo mencapai RP{0} tarik semua
uang tunai",,,,
2095,第 8 关 第 {0}/{1} 轮,Level 8 Round {0}/{1},,Nível 8 Rodada {0}/{1},Level 8 Babak {0}/{1},,,,
2096,高级副总裁,SVP,,Vice-presidente sênior,SVP,,,,
2097,赚取 ${0}，额外提现 ${1},Earn ${0} more ${1} withdraw,,Ganhe R${0} e saque R${1},Dapatkan RP{0} lebih banyak penarikan RP{1},,,,
2098,入住 {0} 天后提取所有现金,Check in for {0} more days withdraw all cash,,Faça o check-in por mais {0} dias e saque todo o dinheiro.,Check in selama {0} hari lagi dan tarik semua uang tunai.,,,,
2099,威斯德罗,Withdrow,,Retirar,Penarikan,,,,
2100,赚取 ${0}，提现 ${1},Earn ${0} more withdraw ${1},,Ganhe R${0} e saque R${1},"Dapatkan RP{0} lebih banyak, tarik RP{1}",,,,
2101,级别 {0},LEVEL {0},,NÍVEL {0},TINGKAT {0},,,,
2102,恭喜玩家 <color=#00FF00>{0}</color>成功提款<color=#E60000>S{1}</color>,Congratulations to player <color=#00FF00>{0}</color> forsuccessfully withdrawing <color=#E60000>S{1}</color>,,Parabéns ao jogador<color=#00FF00>{0}</color> por ter retirado com sucesso <color=#E60000>S{1}</color>,Selamat kepada pemain {0} karena berhasil menarik S{1},,,,
2103,入住 {0} 天后提取所有现金,Check in for {0} moredayswithdraw all cash,,Faça o check-in por mais {0} dias e retire todo o dinheiro.,"Check in selama {0} hari lagi, tarik semua uang tunai",,,,
2104,提款历史,Withdrawal History,,Histórico de retiradas,Riwayat Penarikan,,,,
2105,等级 {0} 现金奖励,Level {0} Cash Reward,,Recompensa em dinheiro de nível {0},Hadiah Uang Tunai Level {0},,,,
2106,加工...,Processing...,,Processamento...,Pengolahan...,,,,
2107,正在处理中，请稍候审核,"Processing, please wait for review",,"Processando, aguarde a revisão.","Sedang diproses, mohon tunggu hingga ditinjau.",,,,
2108,数据显示,DATA SHOW,,EXIBIR DADOS,TAMPILAN DATA,,,,
2109,"96.12% 的用户在 15 分钟内达成目标，并提取了全部 3,000 美元。","<color=#FF2F00>96.12%</color> of users reached the goal within <color=#FF2F00>15 minutes</color>, withdrawn all<color=#FF2F00>$3,000</color>",,"<color=#FF2F00>96,12%</color> dos usuários atingiram a meta em <color=#FF2F00>15 minutos</color>, sacando todos os <color=#FF2F00>R$3.000</color>","<color=#FF2F00>96,12%</color> pengguna mencapai tujuan dalam waktu <color=#FF2F00>15 menit</color>, menarik seluruh <color=#FF2F00>RP3.000</color>",,,,
2110,分钟,Minute,,Minuto,Menit,,,,
2111,威康奖金,Weicome Bonus,,Bônus Weicome,Bonus Selamat Datang,,,,
2112,将任意一种颜色的液体倒入一个瓶子中，即可制成瓶装奶茶。,Fill 1 bottle with any single color to turn the milk tea into a bottle.,,Encha uma garrafa com qualquer cor para transformar o chá com leite em uma garrafa.,Isi 1 botol dengan satu warna saja untuk mengubah teh susu menjadi minuman dalam botol.,,,,
2113,将所需数量的瓶子装满任意一种颜色的奶茶，即可制成一瓶奶茶。,Fill the required number of bottles with any single color to turn the milk tea into a bottle.,,Encha o número necessário de garrafas com uma única cor para transformar o chá com leite em uma garrafa.,Isi botol-botol yang dibutuhkan dengan satu warna saja untuk mengubah teh susu menjadi minuman dalam botol.,,,,
2114,将所需数量的瓶子装满相应颜色的奶茶，即可制成一瓶奶茶。,Fill the required number of bottleswith the matching colors to turn themilk tea into a bottle.,,Encha o número necessário de garrafas com as cores correspondentes para transformar o chá com leite em uma garrafa.,Isi botol-botol dengan warna yang sesuai untuk mengubah teh susu menjadi minuman dalam botol.,,,,
2115,倒掉最上面一层，就能看到里面的未知颜色。,Pour out the top layer to reveal the unknown color.,,Despeje a camada superior para revelar a cor desconhecida.,Tuangkan lapisan atas untuk mengungkap warna yang tidak diketahui.,,,,
2116,全新游戏玩法,New Gameplay,,Nova jogabilidade,Gameplay Baru,,,,
2117,"通关即可提取全部现金，每位玩家可提取 <color=#F47823>$200-$1,000</color>","Clear levels to withdraw all cash, each player can withdraw <color=#F47823>$200-$1,000</color>",,Complete os níveis para sacar todo o dinheiro; cada jogador pode sacar de <color=#F47823>R$200 a R$1.000</color>,"Selesaikan level untuk menarik semua uang tunai, setiap pemain dapat menarik <color=#F47823>RP200-RP1,000</color>",,,,
2118,轻敲一个瓶子，将液体倒入另一个瓶子。,Tap a bottle to pour into anotherbottle,,Bata levemente em uma garrafa para despejar o conteúdo em outra.,Ketuk botol untuk menuangkan isinya ke botol lain.,,,,
2119,将瓶子装满相同颜色的液体，以完成订单,Fill bottles with the same color tocomplete orders,,Encha as garrafas com a mesma cor para completar os pedidos.,Isi botol dengan warna yang sama untuk menyelesaikan pesanan.,,,,
2120,只能倒入颜色匹配的上衣或空瓶中。,Only pour into a matching top-coloror empty bottle,,Despeje apenas em uma garrafa vazia ou com tampa de cor correspondente.,Tuangkan hanya ke dalam botol kosong atau botol dengan tutup berwarna senada.,,,,
2121,设置,Settings,,Configurações,Pengaturan,,,,
2122,玩家_KI,Player_KI,,Jogador_KI,Pemain_KI,,,,
2123,ID:{0},ID:{0},,ID:{0},ID:{0},,,,
2124,LV:{0},LV:{0},,LV:{0},LV:{0},,,,
2125,用户级别,User Level,,Nível do usuário,Tingkat Pengguna,,,,
2126,音乐,Music,,Música,Musik,,,,
2127,振动,Vibration,,Vibração,Getaran,,,,
2128,当前级别：{0},Current level: {0},,Nível atual: {0},Level saat ini: {0},,,,
2129,通关关卡越多，升级速度越快。,More levels cleared faster leveling up,,"Mais níveis concluídos, subindo de nível mais rapidamente.","Semakin banyak level yang diselesaikan, semakin cepat naik level.",,,,
2130,重启,Restart,,Reiniciar,Mulai ulang,,,,
2131,你想重新开始这一关吗？,Do you want to restart the level?,,Deseja reiniciar a fase?,Apakah Anda ingin memulai ulang level?,,,,
2132,清除第 1 关 <color=#E7534B>withdrcw all</color>,Clear Level 1 <color=#E7534B>withdrcw all</color>,,Limpar Nível 1 <color=#E7534B>withdrcw all</color>,Selesaikan Level 1 <color=#E7534B>withdrcw all</color>,,,,
2133,清除第 2 关 <color=#E7534B>withdrcw all</color>,Clear Level 2 <color=#E7534B>withdrcw all</color>,,Limpar Nível 2 <color=#E7534B>withdrcw all</color>,Clear Level 2 <color=#E7534B>withdrcw all</color>,,,,
2134,通关第 8 关 <color=#E7534B>withdrcw all</color>,Clear Level 8 <color=#E7534B>withdrcw all</color>,,Limpar Nível 8 <color=#E7534B>withdrcw all</color>,Selesaikan Level 8 <color=#E7534B>withdrcw all</color>,,,,
2135,消除,Remove,,Remover,Menghapus,,,,
2136,刷新,Refresh,,Atualizar,Menyegarkan,,,,
2137,旋转,Spin,,Rodar,Putaran,,,,
2138,幸运转盘,Lucky Spin,,Giro da Sorte,Putaran Keberuntungan,,,,
2139,你想恢复关卡吗？,Do you want to restant the level?,,Deseja reiniciar o nível?,Apakah Anda ingin mengatur ulang levelnya?,,,,
2140,提款历史,Withdrawal  History,,Histórico de retiradas,Riwayat Penarikan,,,,
2141,通关更多关卡，升级更快！,More levels cleared faster leveling up!,,Mais níveis concluídos e subida de nível mais rápida!,"Semakin banyak level yang diselesaikan, semakin cepat naik level!",,,,
2142,宝石不够。,Not enough gems,,Não há gemas suficientes,Permata tidak cukup,,,,
2143,请选择提款等级,Please select a withdrawal tier,,"Por favor, selecione um nível de saque.",Silakan pilih tingkat penarikan,,,,
2144,请输入正确信息,Please enter the correct information.,,"Por favor, insira as informações corretas.",Mohon masukkan informasi yang benar.,,,,
2145,欢迎奖金,Welcome Bonus,,Bônus de boas-vindas,Bonus Selamat Datang,,,,
2146,宣称,Claim,,Alegar,Mengeklaim,,,,
2147,没有空余空间，你需要先清理出一个,"No empty space, you need toclear one first",,Memória cheia. Apague algo para liberar espaço,"Tidak ada ruang kosong, Anda harus membersihkannya terlebih dahulu",,,,
2148,观看 {0} 次广告后提取所有现金,Watch {0} ads to withdraw all cash,,Watch {0} ads to withdraw all cash,Watch {0} ads to withdraw all cash,,,,
2149,任务完成,Task completed,,Tarefa concluída,Tugas selesai,,,,
3001,游戏名字占位符,Game name placeholder,,Nome do jogo (espaço reservado),Nama game (placeholder),,,,
3002,欢迎您,Welcome,,Bem-vindo,Selamat datang,,,,
3003,玩游戏，完成任务赚取金钱,Play games and complete tasks to earn money,,Jogue e complete tarefas para ganhar dinheiro.,Mainkan game dan selesaikan tugas untuk mendapatkan uang.,,,,
3004,"当金额收集到一定数量时，可
提取到payply","Once a certain amount of money has been collected, the payment can be withdrawn.",,"Assim que uma determinada quantia de dinheiro for arrecadada, o pagamento poderá ser sacado.","Setelah sejumlah uang tertentu terkumpul, pembayaran dapat ditarik.",,,,
3005,"等不急？别怕，幸运钱包可以
立刻提取，任意金额","Can't wait? Don't worry, you can withdraw any amount instantly from your Lucky Wallet.",,"Não consegue esperar? Não se preocupe, você pode sacar qualquer quantia instantaneamente da sua Lucky Wallet.","Tidak sabar? Jangan khawatir, Anda dapat menarik sejumlah uang secara instan dari Dompet Keberuntungan Anda.",,,,
3006,绑定信息,Binding information,,Informações vinculativas,Informasi pengikat,,,,
3007,绑定paypal,Link PayPal,,Link do PayPal,Tautan PayPal,,,,
3008,输入您的PAYPAL账号,Enter your PayPal account,,Insira os dados da sua conta PayPal.,Masukkan akun PayPal Anda,,,,
3009,确定,Sure,,Claro,Tentu,,,,
3010,正确的账户才能提现,Only the correct account can withdraw funds.,,Somente a conta correta pode efetuar saques.,Hanya akun yang benar yang dapat melakukan penarikan dana.,,,,
3011,取现记录,Cash withdrawal records,,Registros de saques em dinheiro,Catatan penarikan tunai,,,,
3012,取现,Cash withdrawal,,Saque em dinheiro,Penarikan tunai,,,,
3013,幸运钱包,Lucky Wallet,,Carteira da Sorte,Dompet Keberuntungan,,,,
3014,随时提现，立刻到账,"Withdraw anytime, instant arrival",,"Saque a qualquer momento, chegada imediata.","Tarik kapan saja, uang tunai langsung tiba",,,,
3015,提取余额,Withdraw balance,,Retirar saldo,Tarik saldo,,,,
3016,正在提取中,Extracting,,Extração,Mengekstraksi,,,,
3017,确认账户信息,Confirm account information,,Confirme as informações da conta.,Konfirmasi informasi akun,,,,
3018,账户信息已确认,Account information has been confirmed.,,As informações da conta foram confirmadas.,Informasi akun telah dikonfirmasi.,,,,
3019,提交审核：进行中,Submission for review: In progress,,Submissão para revisão: Em andamento,Pengajuan untuk ditinjau: Sedang diproses,,,,
3020,提交审核：已经通过,Submitted for review: Approved,,Submetido para revisão: Aprovado,Diajukan untuk ditinjau: Disetujui,,,,
3021,当前状态：排队中,Current status: in queue,,Estado atual: na fila,Status saat ini: dalam antrian,,,,
3022,队列人数>1000人,Queue size > 1000 people,,Tamanho da fila > 1000 pessoas,Ukuran antrian > 1000 orang,,,,
3023,完成任务，立刻打款,Complete the task and make payment immediately.,,Conclua a tarefa e efetue o pagamento imediatamente.,Selesaikan tugas dan lakukan pembayaran segera.,,,,
3024,确定,Sure,,Claro,Tentu,,,,
3025,正在提取中...,Extracting...,,Extraindo...,Mengekstraksi...,,,,
3026,账户金额,Account balance,,Saldo da conta,Saldo rekening,,,,
3027,幸运钱包,Lucky Wallet,,Carteira da Sorte,Dompet Keberuntungan,,,,
3028,金额,Amount,,Quantia,Jumlah,,,,
3029,排队中,In queue,,Na fila,Dalam antrian,,,,
3030,审核中,Under review,,Em análise.,Sedang ditinjau,,,,
3031,提现中,Withdrawal in progress,,Retirada em andamento,Proses penarikan dana sedang berlangsung.,,,,
3032,成功,success,,sucesso,kesuksesan,,,,
3033,提现失败,Withdrawal failed,,A tentativa de retirada falhou,Penarikan dana gagal,,,,
3034,您的paypal错误，请输出正确的账号，重新补发,Your PayPal account is incorrect. Please enter the correct account number and resend the email.,,"Sua conta PayPal está incorreta. Por favor, insira o número da conta correto e reenvie o e-mail.",Akun PayPal Anda salah. Mohon masukkan nomor akun yang benar dan kirim ulang emailnya.,,,,
3035,输入,enter,,digitar,memasuki,,,,
3036,跳过,jump over,,pular sobre,melompati,,,,
3037,您的账号,Your account,,Sua conta,Akun Anda,,,,
3038,重新输入,Re-enter,,Reentrar,Masuk kembali,,,,
3039,确定,Sure,,Claro,Tentu,,,,
3040,{0}可提取,{0} is extractable,,{0} é extraível,{0} dapat diekstraksi,,,,
3041,还需{0}%即可提取,You only need {0}% to extract.,,Você só precisa de {0}% para extrair.,Anda hanya membutuhkan {0}% untuk mengekstrak.,,,,
3042,观看广告，完成活跃认证,Watch ads and complete active verification,,Assista aos anúncios e conclua a verificação ativa.,Tonton iklan dan selesaikan verifikasi aktif.,,,,
3043,认证成功{0}次：提取金额+0.1,Successful authentication {0} times: Withdrawal amount +0.1,,"Autenticação bem-sucedida {0} vezes: Valor do saque +0,1","Autentikasi berhasil sebanyak {0} kali: Jumlah penarikan +0,1",,,,
3044,观看{0}次后，即刻到账,Watch {0} more times for immediate arrival.,あと{0}回視聴するとすぐに着金します。,Assista mais {0} vezes para recebimento imediato.,Tonton {0} kali lagi untuk dana langsung masuk.,,,,
3045,认证成功3次：立刻提取到账,3 successful authentications: Funds will be withdrawn immediately.,,3 autenticações bem-sucedidas: os fundos serão debitados imediatamente.,3 otentikasi berhasil: Dana akan ditarik segera.,,,,
3046,已经发起转账，请稍后查看订单,The transfer has been initiated. Please check your order later.,,"A transferência foi iniciada. Por favor, verifique seu pedido mais tarde.",Transfer telah dimulai. Silakan periksa pesanan Anda nanti.,,,,
3047,取现将把余额内全部金额提到您的paypay,Withdrawing cash will transfer the entire amount in your balance to your PayPay account.,,"Ao levantar dinheiro, o valor total do seu saldo será transferido para a sua conta PayPay.",Penarikan tunai akan mentransfer seluruh jumlah saldo Anda ke akun PayPay Anda.,,,,
3048,通关幸运关卡增加幸运钱包余额,Clearing lucky levels increases your lucky wallet balance.,,Concluir níveis da sorte aumenta o saldo da sua carteira da sorte.,Menyelesaikan level keberuntungan akan meningkatkan saldo dompet keberuntungan Anda.,,,,
3049,幸运转盘抽象可增加幸运钱包余额,The abstract concept of the Lucky Wheel can increase your Lucky Wallet balance.,,O conceito abstrato da Roda da Sorte pode aumentar o saldo da sua Carteira da Sorte.,Konsep abstrak Roda Keberuntungan dapat meningkatkan saldo Dompet Keberuntungan Anda.,,,,
3050,幸运关卡,Lucky Level,,Nível da Sorte,Level Keberuntungan,,,,
3051,幸运转盘,Lucky Wheel,,Roda da Sorte,Roda Keberuntungan,,,,
3052,"恭喜触发幸运抽奖，
抽取大奖可膨胀奖金",Congratulations on triggering the lucky draw! Win big and expand your winnings!,,Parabéns por ter sido selecionado(a) no sorteio! Ganhe prêmios incríveis e aumente seus ganhos!,Selamat atas keberhasilan Anda memenangkan undian berhadiah! Raih kemenangan besar dan tingkatkan kemenangan Anda!,,,,
3053,恭喜获得,Congratulations on winning!,,Parabéns pela vitória!,Selamat atas kemenangan Anda!,,,,
3054,抽中1%概率大奖！ ,Win a grand prize with a 1% chance!,,Ganhe um grande prêmio com 1% de chance!,Raih hadiah utama dengan peluang 1%!,,,,
3055,"因奖金膨胀，达到3000可
直接提现

有55%的用户成功提现","Due to bonus inflation, once it reaches 3000,
you can cash out directly.

55% of users have successfully withdrawn.","ボーナスの膨張により、
3000に達すると直接出金できます

55%のユーザーが出金に成功しています","Devido à inflação do bônus, ao atingir 3000,
você pode sacar diretamente.

55% dos usuários já conseguiram sacar.","Karena inflasi bonus, setelah mencapai 3000,
Anda dapat langsung menarik dana.

55% pengguna telah berhasil menarik dana.",,,,
3056,赚取更多,Earn more,さらに稼ぐ,Ganhe mais,Hasilkan lebih banyak,,,,
3057,达到200刀,Reach $200,$200に到達,Atinja $200,Capai $200,,,,
3058,即可提现,to cash out,で出金可能,para sacar,untuk menarik dana,,,,
3059,恭喜通过认证,Congratulations on passing the verification!,認証に成功しました！,Parabéns por ter passado na verificação!,Selamat atas keberhasilan verifikasinya!,,,,
3060,获得奖金抽奖次数+1,Get +1 bonus draw chance,ボーナス抽選回数+1,Receba +1 chance de sorteio bônus,Dapatkan +1 kesempatan undian bonus,,,,
3061,抽奖机会+1,+1 chance to win a prize,賞品獲得チャンス+1,+1 chance de ganhar um prêmio,+1 kesempatan untuk memenangkan hadiah,,,,
3062,开始游戏,Start Game,ゲームを始める,Começar o jogo,Mulai permainan,,,,
3063,账户可提取收益,Withdrawable earnings,出金可能な収益,Ganhos disponíveis para saque,Pendapatan yang dapat ditarik,,,,
3064,目标达成{0},Goal achieved {0},目標達成{0},Meta alcançada {0},Target tercapai {0},,,,
3065,记录,History,履歴,Histórico,Riwayat,,,,
3066,提现,Cash Out,出金,Sacar,Tarik,,,,
3067,通过{0}关后领取,Claim after passing level {0},ステージ{0}をクリア後に受け取る,Receba após concluir a fase {0},Klaim setelah melewati level {0},,,,
3068,有55%用户可直接提现,55% of users can cash out directly,ユーザーの55%は直接出金できます,55% dos usuários podem sacar diretamente,55% pengguna dapat langsung menarik dana,,,,
3069,开始膨胀,Start Inflating,膨張開始,Começar a inflar,Mulai mengembang,,,,
3070,还差{0}次广告，即可弹出幸运转盘,Watch {0} more ads to unlock the Lucky Wheel,あと{0}回広告を見るとラッキールーレットが表示されます,Assista a mais {0} anúncios para desbloquear a Roda da Sorte,Tonton {0} iklan lagi untuk membuka Roda Keberuntungan,,,,
3071,抽奖,Draw,抽選,Sorteio,Undian,,,,
3072,PayPal已经发起转账，请注意查看账户,PayPal has initiated the transfer. Please check your account.,PayPalの送金が開始されました。アカウントをご確認ください。,A transferência do PayPal foi iniciada. Verifique sua conta.,Transfer PayPal telah dimulai. Silakan periksa akun Anda.,,,,
3073,通过23级，增加余额,Pass level 23 to increase your balance.,レベル23をクリアすると残高が増えます。,Passe da fase 23 para aumentar seu saldo.,Lewati level 23 untuk menambah saldo Anda.,,,,
3074,提现会扣除$0.2作为手续费,A $0.2 handling fee will be charged for cash out.,出金時に$0.2の手数料がかかります。,Será cobrada uma taxa de $0.2 no saque.,Penarikan akan dikenakan biaya layanan sebesar $0.2.,,,,
3075,提现金额大于$2可免手续费,Cash outs over $2 are fee-free.,$2を超える出金は手数料無料です。,Saques acima de $2 não têm taxa.,Penarikan di atas $2 bebas biaya.,,,,
3076,提现将把余额内全部金额提到您的PayPal,Cashing out will transfer the entire balance to your PayPal account.,出金すると、残高の全額がPayPalアカウントに送金されます。,Ao sacar, todo o saldo será transferido para sua conta PayPal.,Saat menarik dana, seluruh saldo akan ditransfer ke akun PayPal Anda.,,
3077,特殊关卡,Special Level,スペシャルレベル,Fase Especial,Level Spesial,,,,
3078,幸运转盘,Lucky Wheel,ラッキールーレット,Roda da Sorte,Roda Keberuntungan,,,,
3079,以上玩法可获得余额,The above gameplay can earn balance.,上記のプレイで残高を獲得できます。,As opções acima podem gerar saldo.,Gameplay di atas dapat menghasilkan saldo.,,,,
3080,抽中13%概率大奖！,Won the 13% chance grand prize!,13%の確率で大当たり獲得！,Ganhou o grande prêmio de 13% de chance!,Memenangkan hadiah utama dengan peluang 13%!,,,,
3081,通关幸运关卡可增加钱包余额,Clearing Lucky Levels increases wallet balance.,ラッキーステージをクリアするとウォレット残高が増加します。,Concluir fases da sorte aumenta o saldo da carteira.,Menyelesaikan level keberuntungan akan menambah saldo dompet.,,,,
3082,放弃奖励,Give up reward,報酬を放棄する,Desistir da recompensa,Lepaskan hadiah,,,,
3083,检测到网络问题，请稍候,Network issue detected. Please wait a moment,ネットワークの問題が検出されました。しばらくお待ちください,Problema de rede detectado. Aguarde um momento,Masalah jaringan terdeteksi. Harap tunggu sebentar,,,,
3084,观看广告完成活跃认证，观看{0}次后直接打款,Watch ads to complete active verification. Watch {0} times for direct payout.,広告を視聴してアクティブ認証を完了し、{0}回視聴後に直接送金されます。,Assista aos anúncios para concluir a verificação ativa. Após assistir {0} vezes, o pagamento será feito diretamente.,Tonton iklan untuk menyelesaikan verifikasi aktif. Setelah menonton {0} kali, dana akan langsung ditransfer.,,
3085,认证成功{0}次：立刻转账,{0} successful authentications: Funds will be transferred immediately.,認証成功{0}回：すぐに送金されます。, {0} autenticações bem-sucedidas: os fundos serão transferidos imediatamente.,Autentikasi berhasil {0} kali: Dana akan langsung ditransfer.,,,,
3086,PayPal账号：{0},PayPal account: {0},PayPalアカウント：{0},Conta do PayPal: {0},Akun PayPal: {0},,,,
3087,认证成功{0}次：立刻到账,{0} successful authentications: Funds will arrive immediately.,認証成功{0}回：すぐに着金します。,{0} autenticações bem-sucedidas: os fundos chegarão imediatamente.,Autentikasi berhasil {0} kali: Dana akan langsung masuk.,,,,
3090,PayPal账号不存在,PayPal account not found,,Conta do PayPal não encontrada,Akun PayPal tidak ditemukan,,,,
3091,PayPal余额不足,Insufficient PayPal balance,,Saldo do PayPal insuficiente,Saldo PayPal tidak mencukupi,,,,
3092,未知状态,Unknown status,,Status desconhecido,Status tidak diketahui,,,,
3093,提现金额需大于0.1,Withdrawal amount must be greater than $0.10,,O valor do saque deve ser maior que $0.10,Jumlah penarikan harus lebih besar dari $0.10,,,,
3094,幸运,Lucky,ラッキー,Sorte,Keberuntungan,,,,
3095,您刚刚赢得了${0}！达到${1}即可触发提现抽奖！,You just won ${0}! Get to ${1} to trigger the cash-out prize draw!,たった今${0}を獲得しました！${1}に到達すると出金抽選が発動します！,Você acabou de ganhar ${0}! Chegue a ${1} para ativar o sorteio do prêmio de saque!,Anda baru saja memenangkan ${0}! Capai ${1} untuk memicu undian hadiah penarikan tunai!,,,,
3096,额外现金奖励,Extra Cash Rewards,追加現金報酬,Recompensa extra em dinheiro,Hadiah Uang Tunai Ekstra,,,,
